--------------------------------------------------------
--  파일이 생성됨 - 월요일-5월-14-2018   
--------------------------------------------------------
--------------------------------------------------------
--  DDL for Sequence SEQ_CATEGORY_NO
--------------------------------------------------------

   CREATE SEQUENCE  "JBLOG"."SEQ_CATEGORY_NO"  MINVALUE 1 MAXVALUE 9999999999999999999999999999 INCREMENT BY 1 START WITH 34 NOCACHE  NOORDER  NOCYCLE ;
--------------------------------------------------------
--  DDL for Sequence SEQ_COMMENTS_NO
--------------------------------------------------------

   CREATE SEQUENCE  "JBLOG"."SEQ_COMMENTS_NO"  MINVALUE 1 MAXVALUE 9999999999999999999999999999 INCREMENT BY 1 START WITH 32 NOCACHE  NOORDER  NOCYCLE ;
--------------------------------------------------------
--  DDL for Sequence SEQ_POST_NO
--------------------------------------------------------

   CREATE SEQUENCE  "JBLOG"."SEQ_POST_NO"  MINVALUE 1 MAXVALUE 9999999999999999999999999999 INCREMENT BY 1 START WITH 1 NOCACHE  NOORDER  NOCYCLE ;
--------------------------------------------------------
--  DDL for Sequence SEQ_USERS_NO
--------------------------------------------------------

   CREATE SEQUENCE  "JBLOG"."SEQ_USERS_NO"  MINVALUE 1 MAXVALUE 9999999999999999999999999999 INCREMENT BY 1 START WITH 141 CACHE 20 NOORDER  NOCYCLE ;
--------------------------------------------------------
--  DDL for Table BLOG
--------------------------------------------------------

  CREATE TABLE "JBLOG"."BLOG" 
   (	"ID" VARCHAR2(50 BYTE), 
	"BLOGTITLE" VARCHAR2(200 BYTE), 
	"LOGOFILE" VARCHAR2(200 BYTE)
   ) SEGMENT CREATION IMMEDIATE 
  PCTFREE 10 PCTUSED 40 INITRANS 1 MAXTRANS 255 NOCOMPRESS LOGGING
  STORAGE(INITIAL 65536 NEXT 1048576 MINEXTENTS 1 MAXEXTENTS 2147483645
  PCTINCREASE 0 FREELISTS 1 FREELIST GROUPS 1 BUFFER_POOL DEFAULT FLASH_CACHE DEFAULT CELL_FLASH_CACHE DEFAULT)
  TABLESPACE "SYSTEM" ;
--------------------------------------------------------
--  DDL for Table CATEGORY
--------------------------------------------------------

  CREATE TABLE "JBLOG"."CATEGORY" 
   (	"CATENO" NUMBER(10,0), 
	"ID" VARCHAR2(50 BYTE), 
	"CATENAME" VARCHAR2(200 BYTE), 
	"DESCRIPTION" VARCHAR2(500 BYTE), 
	"REGDATE" DATE
   ) SEGMENT CREATION IMMEDIATE 
  PCTFREE 10 PCTUSED 40 INITRANS 1 MAXTRANS 255 NOCOMPRESS LOGGING
  STORAGE(INITIAL 65536 NEXT 1048576 MINEXTENTS 1 MAXEXTENTS 2147483645
  PCTINCREASE 0 FREELISTS 1 FREELIST GROUPS 1 BUFFER_POOL DEFAULT FLASH_CACHE DEFAULT CELL_FLASH_CACHE DEFAULT)
  TABLESPACE "SYSTEM" ;
--------------------------------------------------------
--  DDL for Table COMMENTS
--------------------------------------------------------

  CREATE TABLE "JBLOG"."COMMENTS" 
   (	"CMTNO" NUMBER(10,0), 
	"POSTNO" NUMBER(10,0), 
	"USERNO" NUMBER(10,0), 
	"CMTCONTENT" VARCHAR2(1000 BYTE), 
	"REGDATE" DATE
   ) SEGMENT CREATION IMMEDIATE 
  PCTFREE 10 PCTUSED 40 INITRANS 1 MAXTRANS 255 NOCOMPRESS LOGGING
  STORAGE(INITIAL 65536 NEXT 1048576 MINEXTENTS 1 MAXEXTENTS 2147483645
  PCTINCREASE 0 FREELISTS 1 FREELIST GROUPS 1 BUFFER_POOL DEFAULT FLASH_CACHE DEFAULT CELL_FLASH_CACHE DEFAULT)
  TABLESPACE "SYSTEM" ;
--------------------------------------------------------
--  DDL for Table POST
--------------------------------------------------------

  CREATE TABLE "JBLOG"."POST" 
   (	"POSTNO" NUMBER(10,0), 
	"CATENO" NUMBER(10,0), 
	"POSTTITLE" VARCHAR2(300 BYTE), 
	"POSTCONTENT" VARCHAR2(4000 BYTE), 
	"REGDATE" DATE
   ) SEGMENT CREATION IMMEDIATE 
  PCTFREE 10 PCTUSED 40 INITRANS 1 MAXTRANS 255 NOCOMPRESS LOGGING
  STORAGE(INITIAL 65536 NEXT 1048576 MINEXTENTS 1 MAXEXTENTS 2147483645
  PCTINCREASE 0 FREELISTS 1 FREELIST GROUPS 1 BUFFER_POOL DEFAULT FLASH_CACHE DEFAULT CELL_FLASH_CACHE DEFAULT)
  TABLESPACE "SYSTEM" ;
--------------------------------------------------------
--  DDL for Table USERS
--------------------------------------------------------

  CREATE TABLE "JBLOG"."USERS" 
   (	"USERNO" NUMBER(10,0), 
	"ID" VARCHAR2(200 BYTE), 
	"USERNAME" VARCHAR2(100 BYTE), 
	"PASSWORD" VARCHAR2(50 BYTE), 
	"JOINDATE" DATE
   ) SEGMENT CREATION IMMEDIATE 
  PCTFREE 10 PCTUSED 40 INITRANS 1 MAXTRANS 255 NOCOMPRESS LOGGING
  STORAGE(INITIAL 65536 NEXT 1048576 MINEXTENTS 1 MAXEXTENTS 2147483645
  PCTINCREASE 0 FREELISTS 1 FREELIST GROUPS 1 BUFFER_POOL DEFAULT FLASH_CACHE DEFAULT CELL_FLASH_CACHE DEFAULT)
  TABLESPACE "SYSTEM" ;
REM INSERTING into JBLOG.BLOG
SET DEFINE OFF;
Insert into JBLOG.BLOG (ID,BLOGTITLE,LOGOFILE) values ('a','관리자의 블로그 입니다.',null);
Insert into JBLOG.BLOG (ID,BLOGTITLE,LOGOFILE) values ('yj','영주의 블로그 입니다.',null);
Insert into JBLOG.BLOG (ID,BLOGTITLE,LOGOFILE) values ('kyj','곽영주의 블로그 입니다.',null);
REM INSERTING into JBLOG.CATEGORY
SET DEFINE OFF;
Insert into JBLOG.CATEGORY (CATENO,ID,CATENAME,DESCRIPTION,REGDATE) values (29,'a','미분류','기본으로 만들어지는 카테고리입니다.',to_date('18/05/14','RR/MM/DD'));
Insert into JBLOG.CATEGORY (CATENO,ID,CATENAME,DESCRIPTION,REGDATE) values (30,'a','영화','영화 이야기',to_date('18/05/14','RR/MM/DD'));
Insert into JBLOG.CATEGORY (CATENO,ID,CATENAME,DESCRIPTION,REGDATE) values (31,'a','음악','음악 이야기',to_date('18/05/14','RR/MM/DD'));
Insert into JBLOG.CATEGORY (CATENO,ID,CATENAME,DESCRIPTION,REGDATE) values (32,'yj','미분류','기본으로 만들어지는 카테고리입니다.',to_date('18/05/14','RR/MM/DD'));
Insert into JBLOG.CATEGORY (CATENO,ID,CATENAME,DESCRIPTION,REGDATE) values (33,'kyj','미분류','기본으로 만들어지는 카테고리입니다.',to_date('18/05/14','RR/MM/DD'));
REM INSERTING into JBLOG.COMMENTS
SET DEFINE OFF;
Insert into JBLOG.COMMENTS (CMTNO,POSTNO,USERNO,CMTCONTENT,REGDATE) values (29,114,112,'테스트 댓글',to_date('18/05/14','RR/MM/DD'));
Insert into JBLOG.COMMENTS (CMTNO,POSTNO,USERNO,CMTCONTENT,REGDATE) values (7,114,115,'추천합니다.',to_date('18/05/14','RR/MM/DD'));
Insert into JBLOG.COMMENTS (CMTNO,POSTNO,USERNO,CMTCONTENT,REGDATE) values (8,114,115,'좋은 영화입니다.',to_date('18/05/14','RR/MM/DD'));
Insert into JBLOG.COMMENTS (CMTNO,POSTNO,USERNO,CMTCONTENT,REGDATE) values (30,114,112,'댓글은 본인만 지울 수 있다.',to_date('18/05/14','RR/MM/DD'));
Insert into JBLOG.COMMENTS (CMTNO,POSTNO,USERNO,CMTCONTENT,REGDATE) values (10,114,115,'이병헌 성공적',to_date('18/05/14','RR/MM/DD'));
Insert into JBLOG.COMMENTS (CMTNO,POSTNO,USERNO,CMTCONTENT,REGDATE) values (11,113,115,'아임그루트',to_date('18/05/14','RR/MM/DD'));
Insert into JBLOG.COMMENTS (CMTNO,POSTNO,USERNO,CMTCONTENT,REGDATE) values (12,113,115,'토르멋져',to_date('18/05/14','RR/MM/DD'));
Insert into JBLOG.COMMENTS (CMTNO,POSTNO,USERNO,CMTCONTENT,REGDATE) values (13,113,115,'재미있습니다',to_date('18/05/14','RR/MM/DD'));
Insert into JBLOG.COMMENTS (CMTNO,POSTNO,USERNO,CMTCONTENT,REGDATE) values (14,113,115,'추천합니다',to_date('18/05/14','RR/MM/DD'));
Insert into JBLOG.COMMENTS (CMTNO,POSTNO,USERNO,CMTCONTENT,REGDATE) values (15,113,115,'천만돌파 축하합니다',to_date('18/05/14','RR/MM/DD'));
Insert into JBLOG.COMMENTS (CMTNO,POSTNO,USERNO,CMTCONTENT,REGDATE) values (16,114,115,'그만들 하시오!',to_date('18/05/14','RR/MM/DD'));
Insert into JBLOG.COMMENTS (CMTNO,POSTNO,USERNO,CMTCONTENT,REGDATE) values (17,113,115,'어벤져스4 기다립니다',to_date('18/05/14','RR/MM/DD'));
Insert into JBLOG.COMMENTS (CMTNO,POSTNO,USERNO,CMTCONTENT,REGDATE) values (18,113,115,'갑시다',to_date('18/05/14','RR/MM/DD'));
Insert into JBLOG.COMMENTS (CMTNO,POSTNO,USERNO,CMTCONTENT,REGDATE) values (31,119,112,'어서오세요',to_date('18/05/14','RR/MM/DD'));
Insert into JBLOG.COMMENTS (CMTNO,POSTNO,USERNO,CMTCONTENT,REGDATE) values (28,114,115,'내가 왕이될 상인가',to_date('18/05/14','RR/MM/DD'));
REM INSERTING into JBLOG.POST
SET DEFINE OFF;
Insert into JBLOG.POST (POSTNO,CATENO,POSTTITLE,POSTCONTENT,REGDATE) values (113,30,'인피니티워','아임그루트',to_date('18/05/14','RR/MM/DD'));
Insert into JBLOG.POST (POSTNO,CATENO,POSTTITLE,POSTCONTENT,REGDATE) values (114,30,'광해','광해',to_date('18/05/14','RR/MM/DD'));
Insert into JBLOG.POST (POSTNO,CATENO,POSTTITLE,POSTCONTENT,REGDATE) values (116,32,'미분류','테스트',to_date('18/05/14','RR/MM/DD'));
Insert into JBLOG.POST (POSTNO,CATENO,POSTTITLE,POSTCONTENT,REGDATE) values (117,30,'도둑들','도둑놈들',to_date('18/05/14','RR/MM/DD'));
Insert into JBLOG.POST (POSTNO,CATENO,POSTTITLE,POSTCONTENT,REGDATE) values (118,30,'클래식','손예진',to_date('18/05/14','RR/MM/DD'));
Insert into JBLOG.POST (POSTNO,CATENO,POSTTITLE,POSTCONTENT,REGDATE) values (119,30,'지금 만나러 갑니다.','라잇나우',to_date('18/05/14','RR/MM/DD'));
Insert into JBLOG.POST (POSTNO,CATENO,POSTTITLE,POSTCONTENT,REGDATE) values (120,30,'친구','마이 무따 아이가',to_date('18/05/14','RR/MM/DD'));
Insert into JBLOG.POST (POSTNO,CATENO,POSTTITLE,POSTCONTENT,REGDATE) values (121,30,'블랙팬서','와칸다 포에버!',to_date('18/05/14','RR/MM/DD'));
REM INSERTING into JBLOG.USERS
SET DEFINE OFF;
Insert into JBLOG.USERS (USERNO,ID,USERNAME,PASSWORD,JOINDATE) values (112,'a','관리자','a',to_date('18/05/14','RR/MM/DD'));
Insert into JBLOG.USERS (USERNO,ID,USERNAME,PASSWORD,JOINDATE) values (115,'yj','영주','1234',to_date('18/05/14','RR/MM/DD'));
Insert into JBLOG.USERS (USERNO,ID,USERNAME,PASSWORD,JOINDATE) values (122,'kyj','곽영주','1234',to_date('18/05/14','RR/MM/DD'));
--------------------------------------------------------
--  Constraints for Table CATEGORY
--------------------------------------------------------

  ALTER TABLE "JBLOG"."CATEGORY" ADD PRIMARY KEY ("CATENO")
  USING INDEX PCTFREE 10 INITRANS 2 MAXTRANS 255 
  STORAGE(INITIAL 65536 NEXT 1048576 MINEXTENTS 1 MAXEXTENTS 2147483645
  PCTINCREASE 0 FREELISTS 1 FREELIST GROUPS 1 BUFFER_POOL DEFAULT FLASH_CACHE DEFAULT CELL_FLASH_CACHE DEFAULT)
  TABLESPACE "SYSTEM"  ENABLE;
  ALTER TABLE "JBLOG"."CATEGORY" MODIFY ("REGDATE" NOT NULL ENABLE);
  ALTER TABLE "JBLOG"."CATEGORY" MODIFY ("CATENAME" NOT NULL ENABLE);
--------------------------------------------------------
--  Constraints for Table USERS
--------------------------------------------------------

  ALTER TABLE "JBLOG"."USERS" ADD UNIQUE ("ID")
  USING INDEX PCTFREE 10 INITRANS 2 MAXTRANS 255 
  STORAGE(INITIAL 65536 NEXT 1048576 MINEXTENTS 1 MAXEXTENTS 2147483645
  PCTINCREASE 0 FREELISTS 1 FREELIST GROUPS 1 BUFFER_POOL DEFAULT FLASH_CACHE DEFAULT CELL_FLASH_CACHE DEFAULT)
  TABLESPACE "SYSTEM"  ENABLE;
  ALTER TABLE "JBLOG"."USERS" ADD PRIMARY KEY ("USERNO")
  USING INDEX PCTFREE 10 INITRANS 2 MAXTRANS 255 
  STORAGE(INITIAL 65536 NEXT 1048576 MINEXTENTS 1 MAXEXTENTS 2147483645
  PCTINCREASE 0 FREELISTS 1 FREELIST GROUPS 1 BUFFER_POOL DEFAULT FLASH_CACHE DEFAULT CELL_FLASH_CACHE DEFAULT)
  TABLESPACE "SYSTEM"  ENABLE;
  ALTER TABLE "JBLOG"."USERS" MODIFY ("JOINDATE" NOT NULL ENABLE);
  ALTER TABLE "JBLOG"."USERS" MODIFY ("PASSWORD" NOT NULL ENABLE);
  ALTER TABLE "JBLOG"."USERS" MODIFY ("USERNAME" NOT NULL ENABLE);
  ALTER TABLE "JBLOG"."USERS" MODIFY ("ID" NOT NULL ENABLE);
--------------------------------------------------------
--  Constraints for Table BLOG
--------------------------------------------------------

  ALTER TABLE "JBLOG"."BLOG" ADD PRIMARY KEY ("ID")
  USING INDEX PCTFREE 10 INITRANS 2 MAXTRANS 255 
  STORAGE(INITIAL 65536 NEXT 1048576 MINEXTENTS 1 MAXEXTENTS 2147483645
  PCTINCREASE 0 FREELISTS 1 FREELIST GROUPS 1 BUFFER_POOL DEFAULT FLASH_CACHE DEFAULT CELL_FLASH_CACHE DEFAULT)
  TABLESPACE "SYSTEM"  ENABLE;
  ALTER TABLE "JBLOG"."BLOG" MODIFY ("BLOGTITLE" NOT NULL ENABLE);
--------------------------------------------------------
--  Constraints for Table COMMENTS
--------------------------------------------------------

  ALTER TABLE "JBLOG"."COMMENTS" ADD PRIMARY KEY ("CMTNO")
  USING INDEX PCTFREE 10 INITRANS 2 MAXTRANS 255 
  STORAGE(INITIAL 65536 NEXT 1048576 MINEXTENTS 1 MAXEXTENTS 2147483645
  PCTINCREASE 0 FREELISTS 1 FREELIST GROUPS 1 BUFFER_POOL DEFAULT FLASH_CACHE DEFAULT CELL_FLASH_CACHE DEFAULT)
  TABLESPACE "SYSTEM"  ENABLE;
  ALTER TABLE "JBLOG"."COMMENTS" MODIFY ("REGDATE" NOT NULL ENABLE);
  ALTER TABLE "JBLOG"."COMMENTS" MODIFY ("CMTCONTENT" NOT NULL ENABLE);
--------------------------------------------------------
--  Constraints for Table POST
--------------------------------------------------------

  ALTER TABLE "JBLOG"."POST" ADD PRIMARY KEY ("POSTNO")
  USING INDEX PCTFREE 10 INITRANS 2 MAXTRANS 255 
  STORAGE(INITIAL 65536 NEXT 1048576 MINEXTENTS 1 MAXEXTENTS 2147483645
  PCTINCREASE 0 FREELISTS 1 FREELIST GROUPS 1 BUFFER_POOL DEFAULT FLASH_CACHE DEFAULT CELL_FLASH_CACHE DEFAULT)
  TABLESPACE "SYSTEM"  ENABLE;
  ALTER TABLE "JBLOG"."POST" MODIFY ("REGDATE" NOT NULL ENABLE);
  ALTER TABLE "JBLOG"."POST" MODIFY ("POSTTITLE" NOT NULL ENABLE);
--------------------------------------------------------
--  Ref Constraints for Table BLOG
--------------------------------------------------------

  ALTER TABLE "JBLOG"."BLOG" ADD CONSTRAINT "FK_BLOG" FOREIGN KEY ("ID")
	  REFERENCES "JBLOG"."USERS" ("ID") ENABLE;
--------------------------------------------------------
--  Ref Constraints for Table CATEGORY
--------------------------------------------------------

  ALTER TABLE "JBLOG"."CATEGORY" ADD CONSTRAINT "FK_CATE" FOREIGN KEY ("ID")
	  REFERENCES "JBLOG"."BLOG" ("ID") ENABLE;
--------------------------------------------------------
--  Ref Constraints for Table COMMENTS
--------------------------------------------------------

  ALTER TABLE "JBLOG"."COMMENTS" ADD CONSTRAINT "FK_CMT_POST" FOREIGN KEY ("POSTNO")
	  REFERENCES "JBLOG"."POST" ("POSTNO") ENABLE;
  ALTER TABLE "JBLOG"."COMMENTS" ADD CONSTRAINT "FK_CMT_USERS" FOREIGN KEY ("USERNO")
	  REFERENCES "JBLOG"."USERS" ("USERNO") ENABLE;
--------------------------------------------------------
--  Ref Constraints for Table POST
--------------------------------------------------------

  ALTER TABLE "JBLOG"."POST" ADD CONSTRAINT "FK_POST" FOREIGN KEY ("CATENO")
	  REFERENCES "JBLOG"."CATEGORY" ("CATENO") ENABLE;
